disease1,disease2,value,measure,n11,n10,n01,n00,adjusted,adjusted_for,source,dist,p1,p2,p3,p4,note
LAM,SCK,2.01,OR,,,,,FALSE,,Illustrative,normal,2.01,0.20,0,,"normal(mean, sd) truncated at 0"
MET,LAM,6.10,OR,,,,,FALSE,,Illustrative,pert,9.0,6.10,12.0,,"Error: PERT needs min <= mode <= max"
MET,CM,2.30,OR,,,,,FALSE,,Illustrative,,,,,,"Error: CM is not in diseases.csv"
SCK,LAM,1.50,OR,,,,,FALSE,,Illustrative,,,,,,"Error: the same pair as row 1"
MET,SCK,,OR,,,,,FALSE,,Illustrative,,,,,,"Error: missing value (leave a pair out if its association is unknown)"
MET,RP,3.53,OR,,,,,TRUE,parity; herd,Illustrative,,,,,,"Error: a covariate-adjusted odds ratio is not a marginal 2x2 association (use the crude odds ratio, or adjusted_associations = 'use_as_marginal' as an approximation)"
RP,SCK,,table,30,40,320,610,FALSE,,Illustrative,,,,,,"Error: tables of counts are no longer read (enter the odds ratio 30 * 610 / (40 * 320) = 1.43 with measure OR); the count columns are reported once for the table"
LAM,RP,1,independent,,,,,FALSE,,Illustrative,,,,,,"Error: measure 'independent' is no longer used (an odds ratio of 1 means independent)"
SCK,MAS,,unknown,,,,,FALSE,,Illustrative,,,,,,"Error: measure 'unknown' is no longer used (leave the pair out); also MAS is not in diseases.csv"
