disease1,disease2,value,measure,adjusted,adjusted_for,source,dist,p1,p2,p3,p4,note
LAM,MAS,1.8,OR,FALSE,,Illustrative,lognormal_ci,1.8,1.3,2.5,,"odds ratio; lognormal_ci(estimate, lower, upper) with a 95% interval"
LAM,SCK,2.0,OR,FALSE,,Illustrative,normal,2.0,0.3,0,,"odds ratio; normal(mean, sd) truncated at 0"
MET,RP,6.0,OR,FALSE,,Illustrative,lognormal,1.791759,0.3,,,"odds ratio; lognormal(meanlog = log(6), sdlog)"
MET,SCK,1.5,RR,FALSE,,Illustrative,pert,1.1,1.5,2.2,,"risk ratio P(MET | SCK) / P(MET | no SCK); pert(min, mode, max)"
MAS,SCK,0.35,cond_prob,FALSE,,Illustrative,beta,35,65,,,"conditional probability P(MAS | SCK); beta(shape1, shape2)"
MAS,MET,0.08,RD,FALSE,,Illustrative,normal,0.08,0.02,,,"risk difference P(MAS | MET) - P(MAS | no MET); normal(mean, sd)"
LAM,MET,0.05,phi,FALSE,,Illustrative,uniform,0.02,0.08,,,"phi coefficient; uniform(min, max)"
RP,SCK,1.4296875,OR,FALSE,,Illustrative,,,,,,"odds ratio of a study's 2x2 table: 30 * 610 / (40 * 320) (both, RP only, SCK only, neither); point value"
LAM,RP,1,OR,FALSE,,Illustrative,,,,,,"independent: an odds ratio of 1 (point value)"
MAS,RP,1.5,OR,FALSE,,Illustrative,,,,,,"odds ratio; point value"
