disease1,disease2,value,measure,source
CK,CM,2.13,OR,"Rasmussen et al. 2024, Table 3"
CK,LAM,1.65,OR,"Rasmussen et al. 2024, Table 3"
CK,MF,1.60,OR,"Rasmussen et al. 2024, Table 3"
CK,OC,1.97,OR,"Rasmussen et al. 2024, Table 3"
CK,RP,1.55,OR,"Rasmussen et al. 2024, Table 3"
CK,SCK,6.95,OR,"Rasmussen et al. 2024, Table 3"
CK,SCM,2.40,OR,"Rasmussen et al. 2024, Table 3"
CM,LAM,2.10,OR,"Rasmussen et al. 2024, Table 3"
CM,PTB,1.89,OR,"Rasmussen et al. 2024, Table 3"
CM,RP,2.70,OR,"Rasmussen et al. 2024, Table 3"
CM,SCK,1.64,OR,"Rasmussen et al. 2024, Table 3"
CM,SCM,3.05,OR,"Rasmussen et al. 2024, Table 3"
DA,CM,3.45,OR,"Rasmussen et al. 2024, Table 3"
DA,MF,2.50,OR,"Rasmussen et al. 2024, Table 3"
DA,RP,3.50,OR,"Rasmussen et al. 2024, Table 3"
DA,SCK,3.87,OR,"Rasmussen et al. 2024, Table 3"
DA,SCM,3.60,OR,"Rasmussen et al. 2024, Table 3"
DYS,LAM,2.09,OR,"Rasmussen et al. 2024, Table 3"
DYS,OC,0.40,OR,"Rasmussen et al. 2024, Table 3"
DYS,RP,2.74,OR,"Rasmussen et al. 2024, Table 3"
LAM,OC,2.63,OR,"Rasmussen et al. 2024, Table 3"
LAM,PTB,2.70,OR,"Rasmussen et al. 2024, Table 3"
LAM,RP,1.50,OR,"Rasmussen et al. 2024, Table 3"
LAM,SCK,2.01,OR,"Rasmussen et al. 2024, Table 3"
MET,CK,2.42,OR,"Rasmussen et al. 2024, Table 3"
MET,CM,2.30,OR,"Rasmussen et al. 2024, Table 3"
MET,DA,3.40,OR,"Rasmussen et al. 2024, Table 3"
MET,DYS,2.95,OR,"Rasmussen et al. 2024, Table 3"
MET,LAM,6.10,OR,"Rasmussen et al. 2024, Table 3"
MET,MF,1.50,OR,"Rasmussen et al. 2024, Table 3"
MET,OC,1.94,OR,"Rasmussen et al. 2024, Table 3"
MET,RP,3.53,OR,"Rasmussen et al. 2024, Table 3"
MET,SCK,1.94,OR,"Rasmussen et al. 2024, Table 3"
MF,DYS,9.70,OR,"Rasmussen et al. 2024, Table 3"
MF,LAM,3.60,OR,"Rasmussen et al. 2024, Table 3"
MF,RP,2.40,OR,"Rasmussen et al. 2024, Table 3"
RP,OC,2.18,OR,"Rasmussen et al. 2024, Table 3"
SCK,RP,1.52,OR,"Rasmussen et al. 2024, Table 3"
