disease,value,estimand,label,units,source
CK,1.445122,crude,calving interval increase,% increase,"Rasmussen et al. 2024, analysis inputs"
CM,8.42,crude,calving interval increase,% increase,"Rasmussen et al. 2024, analysis inputs"
DA,1.082641,crude,calving interval increase,% increase,"Rasmussen et al. 2024, analysis inputs"
DYS,2.399177,crude,calving interval increase,% increase,"Rasmussen et al. 2024, analysis inputs"
LAM,3.304898,crude,calving interval increase,% increase,"Rasmussen et al. 2024, analysis inputs"
MET,14.67308,crude,calving interval increase,% increase,"Rasmussen et al. 2024, analysis inputs"
MF,2.414949,crude,calving interval increase,% increase,"Rasmussen et al. 2024, analysis inputs"
OC,9.685465,crude,calving interval increase,% increase,"Rasmussen et al. 2024, analysis inputs"
PTB,5.349124,crude,calving interval increase,% increase,"Rasmussen et al. 2024, analysis inputs"
RP,6.760971,crude,calving interval increase,% increase,"Rasmussen et al. 2024, analysis inputs"
SCK,1.122037,crude,calving interval increase,% increase,"Rasmussen et al. 2024, analysis inputs"
SCM,0.2636645,crude,calving interval increase,% increase,"Rasmussen et al. 2024, analysis inputs"
