disease,value,estimand,label,units,source,dist,p1,p2,p3,p4,note
CK,0.4321944,crude,milk yield loss,% decrease,"Rasmussen et al. 2024, analysis inputs",pert,0.2351676,0.4321944,1.043482,,"min, mode, max (percent)"
CM,3.2499,crude,milk yield loss,% decrease,"Rasmussen et al. 2024, analysis inputs",normal,3.2499,0.7584468,,,"mean, sd (percent)"
DA,2.83693,crude,milk yield loss,% decrease,"Rasmussen et al. 2024, analysis inputs",pert,-1.451884,2.83693,9.190728,,"min, mode, max (percent)"
DYS,4.919088,crude,milk yield loss,% decrease,"Rasmussen et al. 2024, analysis inputs",normal,4.919088,0.9688162,,,"mean, sd (percent)"
LAM,4.8061,crude,milk yield loss,% decrease,"Rasmussen et al. 2024, analysis inputs",normal,4.8061,0.8651519,,,"mean, sd (percent)"
MET,5.613085,crude,milk yield loss,% decrease,"Rasmussen et al. 2024, analysis inputs",normal,5.613085,1.350757,,,"mean, sd (percent)"
MF,0.5365130859025376,crude,milk yield loss,% decrease,"Rasmussen et al. 2024, analysis inputs",,,,,,
OC,3.747839,crude,milk yield loss,% decrease,"Rasmussen et al. 2024, analysis inputs",pert,1.711971,3.747839,4.326951,,"min, mode, max (percent)"
PTB,4.3,crude,milk yield loss,% decrease,"Rasmussen et al. 2024, analysis inputs",normal,4.3,0.6683673,,,"mean, sd (percent)"
RP,4.198664,crude,milk yield loss,% decrease,"Rasmussen et al. 2024, analysis inputs",normal,4.198664,1.154555,,,"mean, sd (percent)"
SCK,8.396472,crude,milk yield loss,% decrease,"Rasmussen et al. 2024, analysis inputs",normal,8.396472,1.185384,,,"mean, sd (percent)"
SCM,6.293184,crude,milk yield loss,% decrease,"Rasmussen et al. 2024, analysis inputs",normal,6.293184,1.200231,,,"mean, sd (percent)"
