disease,outcome,value,scale,direction,source
CK,yield,0.4321944,percent,decrease,"Rasmussen et al. 2024, analysis inputs"
CM,yield,3.2499,percent,decrease,"Rasmussen et al. 2024, analysis inputs"
DA,yield,2.83693,percent,decrease,"Rasmussen et al. 2024, analysis inputs"
DYS,yield,4.919088,percent,decrease,"Rasmussen et al. 2024, analysis inputs"
LAM,yield,4.8061,percent,decrease,"Rasmussen et al. 2024, analysis inputs"
MET,yield,5.613085,percent,decrease,"Rasmussen et al. 2024, analysis inputs"
MF,yield,0.5365130859025376,percent,decrease,"Rasmussen et al. 2024, analysis inputs"
OC,yield,3.747839,percent,decrease,"Rasmussen et al. 2024, analysis inputs"
PTB,yield,4.3,percent,decrease,"Rasmussen et al. 2024, analysis inputs"
RP,yield,4.198664,percent,decrease,"Rasmussen et al. 2024, analysis inputs"
SCK,yield,8.396472,percent,decrease,"Rasmussen et al. 2024, analysis inputs"
SCM,yield,6.293184,percent,decrease,"Rasmussen et al. 2024, analysis inputs"
CK,fertility,1.445122,percent,increase,"Rasmussen et al. 2024, analysis inputs"
CM,fertility,8.42,percent,increase,"Rasmussen et al. 2024, analysis inputs"
DA,fertility,1.082641,percent,increase,"Rasmussen et al. 2024, analysis inputs"
DYS,fertility,2.399177,percent,increase,"Rasmussen et al. 2024, analysis inputs"
LAM,fertility,3.304898,percent,increase,"Rasmussen et al. 2024, analysis inputs"
MET,fertility,14.67308,percent,increase,"Rasmussen et al. 2024, analysis inputs"
MF,fertility,2.414949,percent,increase,"Rasmussen et al. 2024, analysis inputs"
OC,fertility,9.685465,percent,increase,"Rasmussen et al. 2024, analysis inputs"
PTB,fertility,5.349124,percent,increase,"Rasmussen et al. 2024, analysis inputs"
RP,fertility,6.760971,percent,increase,"Rasmussen et al. 2024, analysis inputs"
SCK,fertility,1.122037,percent,increase,"Rasmussen et al. 2024, analysis inputs"
SCM,fertility,0.2636645,percent,increase,"Rasmussen et al. 2024, analysis inputs"
CK,culling,1.5001,hazard_ratio,,"Rasmussen et al. 2024, analysis inputs"
CM,culling,2.3,hazard_ratio,,"Rasmussen et al. 2024, analysis inputs"
DA,culling,2.851179,hazard_ratio,,"Rasmussen et al. 2024, analysis inputs"
DYS,culling,1.258143,hazard_ratio,,"Rasmussen et al. 2024, analysis inputs"
LAM,culling,1.744976,hazard_ratio,,"Rasmussen et al. 2024, analysis inputs"
MET,culling,1.116444,hazard_ratio,,"Rasmussen et al. 2024, analysis inputs"
MF,culling,2.999886,hazard_ratio,,"Rasmussen et al. 2024, analysis inputs"
OC,culling,1.62,hazard_ratio,,"Rasmussen et al. 2024, analysis inputs"
PTB,culling,2.310508,hazard_ratio,,"Rasmussen et al. 2024, analysis inputs"
RP,culling,1.599928,hazard_ratio,,"Rasmussen et al. 2024, analysis inputs"
SCK,culling,1.92,hazard_ratio,,"Rasmussen et al. 2024, analysis inputs"
SCM,culling,1.449996,hazard_ratio,,"Rasmussen et al. 2024, analysis inputs"
