key,dist,p1,p2,p3,p4,note
assoc:CK:CM,pert,1.20,2.13,3.40,,"min, mode, max"
assoc:CK:LAM,pert,1.20,1.65,2.40,,"min, mode, max"
assoc:CK:MF,normal,1.60,0.13,0,,"mean, sd; truncated at 0"
assoc:CK:OC,pert,1.30,1.97,4.10,,"min, mode, max"
assoc:CK:RP,pert,1.00,1.55,1.90,,"min, mode, max"
assoc:CK:SCK,normal,6.95,1.28,0,,"mean, sd; truncated at 0"
assoc:CK:SCM,normal,2.40,0.41,0,,"mean, sd; truncated at 0"
assoc:CM:PTB,normal,1.89,0.20,0,,"mean, sd; truncated at 0"
assoc:CM:RP,normal,2.70,0.33,0,,"mean, sd; truncated at 0"
assoc:CM:SCK,normal,1.64,0.20,0,,"mean, sd; truncated at 0"
assoc:CM:SCM,pert,1.30,3.05,6.50,,"min, mode, max"
assoc:DA:CM,pert,1.40,3.45,4.80,,"min, mode, max"
assoc:DA:MF,normal,2.50,0.48,0,,"mean, sd; truncated at 0"
assoc:DA:RP,pert,1.60,3.50,4.60,,"min, mode, max"
assoc:DA:SCK,normal,3.87,0.34,0,,"mean, sd; truncated at 0"
assoc:DA:SCM,normal,3.60,1.35,0,,"mean, sd; truncated at 0"
assoc:DYS:LAM,normal,2.09,0.26,0,,"mean, sd; truncated at 0"
assoc:DYS:RP,pert,1.25,2.74,5.96,,"min, mode, max"
assoc:LAM:OC,normal,2.63,1.44,0,,"mean, sd; truncated at 0"
assoc:LAM:PTB,normal,2.70,1.22,0,,"mean, sd; truncated at 0"
assoc:LAM:RP,normal,1.50,0.31,0,,"mean, sd; truncated at 0"
assoc:LAM:SCK,normal,2.01,0.20,0,,"mean, sd; truncated at 0"
assoc:MET:CK,pert,1.20,2.42,10.40,,"min, mode, max"
assoc:MET:CM,pert,1.20,2.30,3.80,,"min, mode, max"
assoc:MET:DA,pert,1.60,3.40,7.60,,"min, mode, max"
assoc:MET:DYS,pert,0.98,2.95,9.72,,"min, mode, max"
assoc:MET:LAM,normal,6.10,1.45,0,,"mean, sd; truncated at 0"
assoc:MET:MF,normal,1.50,0.15,0,,"mean, sd; truncated at 0"
assoc:MET:OC,pert,1.20,1.94,3.00,,"min, mode, max"
assoc:MET:RP,pert,1.80,3.53,6.52,,"min, mode, max"
assoc:MET:SCK,normal,1.94,0.09,0,,"mean, sd; truncated at 0"
assoc:MF:DYS,normal,9.70,1.30,0,,"mean, sd; truncated at 0"
assoc:MF:RP,normal,2.40,0.20,0,,"mean, sd; truncated at 0"
assoc:RP:OC,pert,1.78,2.18,2.57,,"min, mode, max"
assoc:SCK:RP,normal,1.52,0.19,0,,"mean, sd; truncated at 0"
impact:yield:CK,pert,0.2351676,0.4321944,1.043482,,"min, mode, max (percent)"
impact:yield:CM,normal,3.2499,0.7584468,,,"mean, sd (percent)"
impact:yield:DA,pert,-1.451884,2.83693,9.190728,,"min, mode, max (percent)"
impact:yield:DYS,normal,4.919088,0.9688162,,,"mean, sd (percent)"
impact:yield:LAM,normal,4.8061,0.8651519,,,"mean, sd (percent)"
impact:yield:MET,normal,5.613085,1.350757,,,"mean, sd (percent)"
impact:yield:OC,pert,1.711971,3.747839,4.326951,,"min, mode, max (percent)"
impact:yield:PTB,normal,4.3,0.6683673,,,"mean, sd (percent)"
impact:yield:RP,normal,4.198664,1.154555,,,"mean, sd (percent)"
impact:yield:SCK,normal,8.396472,1.185384,,,"mean, sd (percent)"
impact:yield:SCM,normal,6.293184,1.200231,,,"mean, sd (percent)"
impact:fertility:CK,normal,1.445122,0.3624052,,,"mean, sd (percent)"
impact:fertility:CM,normal,8.42,2.424912,,,"mean, sd (percent)"
impact:fertility:DA,normal,1.082641,2.036204,,,"mean, sd (percent)"
impact:fertility:DYS,normal,2.399177,0.9317402,,,"mean, sd (percent)"
impact:fertility:LAM,pert,1.190476,3.304898,10.71429,,"min, mode, max (percent)"
impact:fertility:MET,normal,14.67308,8.535001,,,"mean, sd (percent)"
impact:fertility:MF,pert,2.032968,2.414949,3.095238,,"min, mode, max (percent)"
impact:fertility:OC,pert,5.043478,9.685465,21.42857,,"min, mode, max (percent)"
impact:fertility:PTB,normal,5.349124,2.527459,,,"mean, sd (percent)"
impact:fertility:RP,normal,6.760971,1.558483,,,"mean, sd (percent)"
impact:fertility:SCK,normal,1.122037,1.822338,,,"mean, sd (percent)"
impact:fertility:SCM,pert,-0.1242236,0.2636645,5.681529,,"min, mode, max (percent)"
